<application>
  <component name="DefaultFont">
    <option name="FONT_FAMILY" value="Fira Code" />
    <option name="SECONDARY_FONT_FAMILY" value="IRANSansWeb(FaNum) Light" />
  </component>
  <component name="EditorSettings">
    <option name="languageBreadcrumbsMap">
      <map>
        <entry key="Blade" value="true" />
        <entry key="CSS" value="true" />
        <entry key="HTML" value="true" />
        <entry key="Haml" value="true" />
        <entry key="JSON" value="true" />
        <entry key="JavaScript" value="true" />
        <entry key="LESS" value="true" />
        <entry key="PHP" value="true" />
        <entry key="SASS" value="true" />
        <entry key="SCSS" value="true" />
        <entry key="TypeScript" value="true" />
        <entry key="XHTML" value="true" />
        <entry key="XML" value="true" />
        <entry key="yaml" value="true" />
      </map>
    </option>
    <option name="USE_SOFT_WRAPS" value="" />
    <option name="STRIP_TRAILING_SPACES" value="Whole" />
    <option name="IS_ENSURE_NEWLINE_AT_EOF" value="true" />
    <option name="SHOW_BREADCRUMBS" value="false" />
    <option name="IS_INDENT_GUIDES_SHOWN" value="false" />
    <option name="IS_WHEEL_FONTCHANGE_ENABLED" value="true" />
    <option name="BIDI_TEXT_DIRECTION" value="RTL" />
  </component>
</application>