<application>
  <component name="NotificationConfiguration">
    <notification groupId=".ignore plugin update information" displayType="NONE" shouldLog="false" />
    <notification groupId="Bootstrap plugin" displayType="NONE" shouldLog="false" />
    <notification groupId="Docker: Dockerfile detection" displayType="NONE" shouldLog="false" />
    <notification groupId="IDE and Plugin Updates" displayType="NONE" shouldLog="false" />
    <notification groupId="IGNORE_GROUP_UPDATE" displayType="NONE" shouldLog="false" />
    <notification groupId="Platform and Plugin Updates" displayType="NONE" shouldLog="false" />
  </component>
</application>