<code_scheme name="Default" version="173">
  <CssCodeStyleSettings>
    <option name="VALUE_ALIGNMENT" value="2" />
    <option name="KEEP_SINGLE_LINE_BLOCKS" value="true" />
    <option name="ALIGN_CLOSING_BRACE_WITH_PROPERTIES" value="true" />
  </CssCodeStyleSettings>
  <PHPCodeStyleSettings>
    <option name="PHPDOC_BLANK_LINES_AROUND_PARAMETERS" value="true" />
  </PHPCodeStyleSettings>
  <editorconfig>
    <option name="ENABLED" value="false" />
  </editorconfig>
  <codeStyleSettings language="Blade">
    <indentOptions>
      <option name="CONTINUATION_INDENT_SIZE" value="4" />
    </indentOptions>
  </codeStyleSettings>
  <codeStyleSettings language="HTML">
    <indentOptions>
      <option name="INDENT_SIZE" value="6" />
    </indentOptions>
  </codeStyleSettings>
  <codeStyleSettings language="JavaScript">
    <indentOptions>
      <option name="USE_TAB_CHARACTER" value="true" />
    </indentOptions>
  </codeStyleSettings>
  <codeStyleSettings language="PHP">
    <option name="CATCH_ON_NEW_LINE" value="true" />
    <option name="FINALLY_ON_NEW_LINE" value="true" />
    <option name="BINARY_OPERATION_SIGN_ON_NEXT_LINE" value="true" />
  </codeStyleSettings>
</code_scheme>